batch_idx,num_blocks,num_txs,threads,merge_cap,seq_time_s,seq_tput,par_time_s,par_tput,concat_time_s,concat_tput,cgraph_time_s,cgraph_tput,graph_time_s,graph_tput,integrated_time_s,integrated_tput,vegeta_time_s,vegeta_tput,phase_pre_execute_s,phase_graph_build_s,phase_integrate_s,phase_execute_s,phase_total_s,vegeta_speculate_s,num_integrated_groups,omakase_graph_bytes,vegeta_sched_bytes,calldata_bytes,par_re_exec,par_validation_aborts,par_cascade_aborts,par_wrote_new_loc,concat_re_exec,concat_validation_aborts,concat_cascade_aborts,concat_wrote_new_loc,cgraph_re_exec,cgraph_validation_aborts,cgraph_cascade_aborts,cgraph_wrote_new_loc,graph_re_exec,graph_validation_aborts,graph_cascade_aborts,graph_wrote_new_loc,integ_re_exec,integ_validation_aborts,integ_cascade_aborts,integ_wrote_new_loc,vegeta_re_exec,vegeta_validation_aborts,vegeta_cascade_aborts,vegeta_wrote_new_loc,digest_seq,digest_par,digest_concat,logical_seq,logical_integ,logical_vegeta
0,100,13679,8,10,1.160429,11787.89,0.544131,25139.18,0.341633,40040.03,0.313307,43660.02,0.499559,27382.14,0.418013,32723.84,0.504582,27109.55,1.194545,0.071456,0.098719,0.418013,1.782733,0.041201,63,1227086,1226766,9639324,7701,0,0,0,13696,0,0,0,0,0,0,0,0,0,0,0,0,0,0,0,0,0,0,0,8375514492327586675,8375514492327586675,8375514492327586675,10722375002029729137,10722375002029729137,10722375002029729137
1,100,14553,8,10,1.267449,11482.12,0.579710,25103.93,0.322407,45138.57,0.293435,49595.38,0.515899,28209.00,0.451276,32248.58,0.525531,27691.97,1.296821,0.082219,0.085965,0.451276,1.916281,0.043051,67,1249080,1248845,9974468,9289,0,0,0,13112,0,0,0,0,0,0,0,0,0,0,0,0,0,0,0,0,0,0,0,10413453795590229689,10413453795590229689,10413453795590229689,8880899944250093422,8880899944250093422,8880899944250093422
2,100,13931,8,10,1.204428,11566.48,0.543424,25635.58,0.287630,48433.77,0.262850,52999.85,0.498223,27961.37,0.438825,31746.12,0.513502,27129.41,1.236030,0.062176,0.072197,0.438825,1.809228,0.039091,73,1216128,1215923,9679692,5874,0,0,0,9619,0,0,0,0,0,0,0,0,0,0,0,0,0,0,0,0,0,0,0,11626910572929523495,11626910572929523495,11626910572929523495,13633893223816926902,13633893223816926902,13633893223816926902
3,100,13901,8,10,1.235830,11248.31,0.613528,22657.47,0.308828,45012.16,0.286485,48522.55,0.551699,25196.72,0.457364,30393.71,0.566695,24529.93,1.285374,0.063764,0.087019,0.457364,1.893522,0.041494,57,1238536,1238291,9646196,7538,0,0,0,11320,0,0,0,0,0,0,0,0,0,0,0,0,0,0,0,0,0,0,0,5642304013012676735,5642304013012676735,5642304013012676735,5045115739515082982,5045115739515082982,5045115739515082982
4,100,14066,8,10,1.105734,12720.96,0.502818,27974.33,0.324326,43369.90,0.301152,46707.24,0.466235,30169.33,0.424249,33155.02,0.478939,29369.09,1.137758,0.071780,0.072902,0.424249,1.706689,0.039350,73,1202819,1202629,9775528,7651,0,0,0,13622,0,0,0,0,0,0,0,0,0,0,0,0,0,0,0,0,0,0,0,7247112796779862526,7247112796779862526,7247112796779862526,6501561859238288757,6501561859238288757,6501561859238288757
5,100,13375,8,10,1.201402,11132.82,0.552705,24199.18,0.327752,40808.25,0.287840,46466.71,0.499685,26766.84,0.461106,29006.33,0.508374,26309.39,1.224416,0.088730,0.078905,0.461106,1.853157,0.037957,75,1167153,1166993,9500412,6202,0,0,0,11345,0,0,0,0,0,0,0,0,0,0,0,0,0,0,0,0,0,0,0,5364795875189808268,5364795875189808268,5364795875189808268,17662204113904636710,17662204113904636710,17662204113904636710
6,100,14060,8,10,1.381689,10175.95,0.755612,18607.44,0.499496,28148.40,0.412442,34089.65,0.677939,20739.33,0.536093,26226.80,0.693032,20287.67,1.421546,0.071833,0.088686,0.536093,2.118157,0.041024,52,1255397,1255142,9881200,7979,0,0,0,11079,0,0,0,0,0,0,0,0,0,0,0,0,0,0,0,0,0,0,0,6444614479905317068,6444614479905317068,6444614479905317068,4815670505216502995,4815670505216502995,4815670505216502995
7,100,13097,8,10,1.408582,9298.00,0.853813,15339.42,0.520270,25173.46,0.462969,28289.17,0.791021,16557.09,0.597469,21920.79,0.802996,16310.18,1.461674,0.052540,0.087697,0.597469,2.199380,0.037046,36,1141958,1141758,8844708,6887,0,0,0,4037,0,0,0,0,0,0,0,0,0,0,0,0,0,0,0,0,0,0,0,11098881359422627851,11098881359422627851,11098881359422627851,5199846360596880392,5199846360596880392,5199846360596880392
8,100,13416,8,10,1.132389,11847.52,0.497988,26940.41,0.305886,43859.53,0.283944,47248.73,0.469205,28593.06,0.428427,31314.57,0.473378,28340.99,1.178069,0.074982,0.074602,0.428427,1.756080,0.039739,79,1214705,1214350,9679264,5838,0,0,0,10555,0,0,0,0,0,0,0,0,0,0,0,0,0,0,0,0,0,0,0,6367356916227568353,6367356916227568353,6367356916227568353,5130426411789306358,5130426411789306358,5130426411789306358
9,100,14084,8,10,1.174434,11992.16,0.502569,28023.99,0.311700,45184.53,0.261782,53800.42,0.445782,31593.90,0.407677,34546.93,0.460482,30585.34,1.209361,0.063390,0.070790,0.407677,1.751219,0.040354,82,1230186,1230006,9799248,6452,0,0,0,9909,0,0,0,0,0,0,0,0,0,0,0,0,0,0,0,0,0,0,0,18193222520020703880,18193222520020703880,18193222520020703880,8431549261704664013,8431549261704664013,8431549261704664013
10,100,14225,8,10,1.359532,10463.16,0.689997,20616.04,0.364356,39041.47,0.335276,42427.78,0.641834,22163.07,0.557088,25534.58,0.663740,21431.59,1.388681,0.064379,0.080340,0.557088,2.090488,0.040287,60,1206396,1206216,9672804,7617,0,0,0,7072,0,0,0,0,0,0,0,0,0,0,0,0,0,0,0,0,0,0,0,17653442256837384531,17653442256837384531,17653442256837384531,9501224735900266183,9501224735900266183,9501224735900266183
11,100,14412,8,10,1.264225,11399.87,0.643872,22383.32,0.351905,40954.23,0.270430,53292.97,0.594331,24249.11,0.487025,29591.92,0.606048,23780.30,1.308610,0.074965,0.097306,0.487025,1.967906,0.041525,51,1256830,1256505,9701776,9023,0,0,0,11340,0,0,0,0,0,0,0,0,0,0,0,0,0,0,0,0,0,0,0,6487285999490050097,6487285999490050097,6487285999490050097,16069094264281807272,16069094264281807272,16069094264281807272
12,100,13180,8,10,1.178649,11182.30,0.564924,23330.58,0.282296,46688.64,0.247341,53286.72,0.521462,25275.07,0.433032,30436.57,0.532994,24728.22,1.211635,0.067991,0.078336,0.433032,1.790993,0.038673,57,1217317,1217062,9116656,5741,0,0,0,9114,0,0,0,0,0,0,0,0,0,0,0,0,0,0,0,0,0,0,0,6547947963969255075,6547947963969255075,6547947963969255075,8291515204219041651,8291515204219041651,8291515204219041651
13,100,14450,8,10,1.217931,11864.38,0.557935,25899.08,0.311972,46318.19,0.290144,49802.81,0.527227,27407.57,0.482501,29948.10,0.531317,27196.56,1.270267,0.058971,0.074615,0.482501,1.886354,0.040057,69,1229534,1229244,9707464,7878,0,0,0,10284,0,0,0,0,0,0,0,0,0,0,0,0,0,0,0,0,0,0,0,7413758546953832199,7413758546953832199,7413758546953832199,2595693527495187471,2595693527495187471,2595693527495187471
14,100,14110,8,10,1.205913,11700.68,0.600304,23504.77,0.373337,37794.31,0.327954,43024.28,0.552018,25560.77,0.476748,29596.33,0.557285,25319.17,1.238832,0.074957,0.072946,0.476748,1.863483,0.040636,73,1236766,1236331,9782488,8411,0,0,0,14987,0,0,0,0,0,0,0,0,0,0,0,0,0,0,0,0,0,0,0,6462858217970699761,6462858217970699761,6462858217970699761,12022925630814760480,12022925630814760480,12022925630814760480
15,100,13388,8,10,1.073263,12474.11,0.467123,28660.57,0.338043,39604.42,0.310785,43077.96,0.433258,30900.74,0.412372,32465.85,0.435928,30711.51,1.108076,0.064761,0.070016,0.412372,1.655225,0.038467,78,1172065,1171780,9727792,6306,0,0,0,13370,0,0,0,0,0,0,0,0,0,0,0,0,0,0,0,0,0,0,0,2644564570158875352,2644564570158875352,2644564570158875352,13645138874303512240,13645138874303512240,13645138874303512240
16,100,14314,8,10,1.206652,11862.58,0.592196,24171.05,0.364029,39321.07,0.339882,42114.62,0.535599,26725.21,0.458327,31230.94,0.547345,26151.69,1.246752,0.070321,0.085295,0.458327,1.860695,0.039644,65,1229086,1228611,9880936,9614,0,0,0,15801,0,0,0,0,0,0,0,0,0,0,0,0,0,0,0,0,0,0,0,13829146738563995253,13829146738563995253,13829146738563995253,8789299486133919787,8789299486133919787,8789299486133919787
17,100,14382,8,10,1.014982,14169.71,0.474331,30320.61,0.363907,39521.04,0.338693,42463.29,0.449454,31998.85,0.410917,34999.75,0.442766,32482.13,1.042685,0.072114,0.070834,0.410917,1.596551,0.039147,75,1163700,1163220,9826168,8710,0,0,0,17032,0,0,0,0,0,0,0,0,0,0,0,0,0,0,0,0,0,0,0,3137486411817600114,3137486411817600114,3137486411817600114,5775793275423564741,5775793275423564741,5775793275423564741
18,100,14191,8,10,1.113932,12739.55,0.506111,28039.33,0.372055,38142.21,0.347528,40834.08,0.475239,29860.76,0.426822,33248.04,0.472445,30037.37,1.140986,0.078687,0.075134,0.426822,1.721628,0.040162,75,1240457,1239967,10057916,9972,0,0,0,17739,0,0,0,0,0,0,0,0,0,0,0,0,0,0,0,0,0,0,0,15284319352586885828,15284319352586885828,15284319352586885828,12496656643972825143,12496656643972825143,12496656643972825143
19,100,14870,8,10,1.219106,12197.46,0.561605,26477.70,0.413825,35933.10,0.372795,39887.86,0.521282,28525.83,0.468483,31740.76,0.526216,28258.36,1.249802,0.080297,0.076330,0.468483,1.874912,0.041190,74,1248380,1247890,10301880,9365,0,0,0,17257,0,0,0,0,0,0,0,0,0,0,0,0,0,0,0,0,0,0,0,8438287168030960118,8438287168030960118,8438287168030960118,1819481392074532769,1819481392074532769,1819481392074532769
20,100,14874,8,10,1.156466,12861.60,0.491714,30249.29,0.387363,38398.11,0.370980,40093.77,0.466823,31862.18,0.439971,33806.78,0.475596,31274.47,1.189196,0.078694,0.074727,0.439971,1.782588,0.042736,81,1254025,1253635,10133512,8755,0,0,0,18100,0,0,0,0,0,0,0,0,0,0,0,0,0,0,0,0,0,0,0,11942425265508906136,11942425265508906136,11942425265508906136,6413835612860780745,6413835612860780745,6413835612860780745
21,100,15018,8,10,1.023794,14668.97,0.424230,35400.59,0.342459,43853.42,0.326652,45975.48,0.412222,36431.80,0.383906,39118.99,0.406152,36976.32,1.048317,0.075302,0.074502,0.383906,1.582026,0.040689,76,1217456,1217006,9857448,8675,0,0,0,16386,0,0,0,0,0,0,0,0,0,0,0,0,0,0,0,0,0,0,0,1342738286814506354,1342738286814506354,1342738286814506354,16777858598079592478,16777858598079592478,16777858598079592478
22,100,16167,8,10,1.151456,14040.49,0.495441,32631.52,0.382225,42297.06,0.349550,46250.91,0.459428,35189.42,0.415717,38889.42,0.463392,34888.38,1.188648,0.082661,0.088546,0.415717,1.775572,0.044251,69,1304133,1303693,10812188,11387,0,0,0,18890,0,0,0,0,0,0,0,0,0,0,0,0,0,0,0,0,0,0,0,12257142740492147528,12257142740492147528,12257142740492147528,4861490906206161107,4861490906206161107,4861490906206161107
23,100,15610,8,10,1.036461,15060.86,0.473866,32941.80,0.390362,39988.51,0.366865,42549.70,0.451092,34604.88,0.420744,37100.91,0.452774,34476.35,1.070988,0.075378,0.077544,0.420744,1.644655,0.042216,73,1267493,1267128,10267400,12078,0,0,0,19795,0,0,0,0,0,0,0,0,0,0,0,0,0,0,0,0,0,0,0,77987565328867971,77987565328867971,77987565328867971,8587495166214198313,8587495166214198313,8587495166214198313
24,100,15393,8,10,1.089779,14124.89,0.473198,32529.75,0.378640,40653.36,0.361074,42631.19,0.447225,34418.94,0.416480,36959.73,0.454496,33868.29,1.116603,0.078265,0.078404,0.416480,1.689752,0.041521,79,1265497,1265157,10391076,9382,0,0,0,17773,0,0,0,0,0,0,0,0,0,0,0,0,0,0,0,0,0,0,0,18138453904520556902,18138453904520556902,18138453904520556902,12093388599944221700,12093388599944221700,12093388599944221700
25,100,15575,8,10,1.195722,13025.60,0.489896,31792.48,0.400246,38913.54,0.374422,41597.44,0.460307,33836.12,0.430544,36175.17,0.456036,34153.02,1.218928,0.078590,0.087095,0.430544,1.815157,0.043274,79,1328336,1328026,10761852,9226,0,0,0,18496,0,0,0,0,0,0,0,0,0,0,0,0,0,0,0,0,0,0,0,14281536732189189114,14281536732189189114,14281536732189189114,7811073552584999724,7811073552584999724,7811073552584999724
26,100,15004,8,10,1.138929,13173.78,0.519458,28883.96,0.419729,35746.90,0.374756,40036.74,0.478556,31352.66,0.444004,33792.46,0.490664,30578.97,1.169278,0.073110,0.083569,0.444004,1.769963,0.041957,79,1253414,1253144,10177872,8472,0,0,0,18068,0,0,0,0,0,0,0,0,0,0,0,0,0,0,0,0,0,0,0,15976895087123825369,15976895087123825369,15976895087123825369,12920158263174114840,12920158263174114840,12920158263174114840
27,100,15907,8,10,1.076449,14777.29,0.439476,36195.37,0.361746,43972.84,0.336544,47265.68,0.412632,38550.13,0.404718,39303.88,0.418653,37995.66,1.110424,0.085515,0.097702,0.404718,1.698359,0.044899,87,1266646,1266426,10760684,8793,0,0,0,16589,0,0,0,0,0,0,0,0,0,0,0,0,0,0,0,0,0,0,0,11033083473580022080,11033083473580022080,11033083473580022080,12675908608649508507,12675908608649508507,12675908608649508507
28,100,17133,8,10,1.074818,15940.37,0.467438,36653.03,0.354042,48392.57,0.333525,51369.39,0.434559,39426.14,0.411858,41599.28,0.438535,39068.74,1.108588,0.085148,0.086586,0.411858,1.692179,0.044635,82,1326329,1326154,11053332,13090,0,0,0,19729,0,0,0,0,0,0,0,0,0,0,0,0,0,0,0,0,0,0,0,6963930844414075075,6963930844414075075,6963930844414075075,3610493366925572098,3610493366925572098,3610493366925572098
29,100,15750,8,10,1.047809,15031.37,0.423770,37166.43,0.353688,44530.78,0.338163,46575.11,0.405529,38838.14,0.387979,40594.94,0.411658,38259.89,1.081045,0.075378,0.075849,0.387979,1.620252,0.043715,84,1287942,1287722,10505880,8118,0,0,0,16297,0,0,0,0,0,0,0,0,0,0,0,0,0,0,0,0,0,0,0,4022204647444644538,4022204647444644538,4022204647444644538,10771582460724959362,10771582460724959362,10771582460724959362
30,100,16020,8,10,1.046511,15308.01,0.423691,37810.61,0.335651,47728.14,0.320895,49922.88,0.406905,39370.33,0.399735,40076.58,0.411901,38892.83,1.085802,0.080460,0.073825,0.399735,1.639821,0.043486,88,1287511,1287186,10389520,8238,0,0,0,15326,0,0,0,0,0,0,0,0,0,0,0,0,0,0,0,0,0,0,0,8092663531630168035,8092663531630168035,8092663531630168035,11880031256329325563,11880031256329325563,11880031256329325563
31,100,17300,8,10,0.898681,19250.43,0.405784,42633.49,0.327046,52897.72,0.268644,64397.54,0.384631,44978.16,0.341624,50640.53,0.384878,44949.29,0.931430,0.075546,0.081399,0.341624,1.429999,0.044747,76,1330508,1330353,10968336,20355,0,0,0,29655,0,0,0,0,0,0,0,0,0,0,0,0,0,0,0,0,0,0,0,15867103478774340649,15867103478774340649,15867103478774340649,647523407684383237,647523407684383237,647523407684383237
32,100,15673,8,10,0.964288,16253.44,0.364154,43039.47,0.267987,58484.16,0.248788,62997.45,0.329318,47592.29,0.324676,48272.74,0.334636,46835.91,0.993881,0.077844,0.063877,0.324676,1.460278,0.042941,93,1225678,1225468,10310852,7574,0,0,0,11319,0,0,0,0,0,0,0,0,0,0,0,0,0,0,0,0,0,0,0,15226618625427226597,15226618625427226597,15226618625427226597,4441664814371635995,4441664814371635995,4441664814371635995
33,100,14808,8,10,1.040963,14225.29,0.432763,34217.36,0.346115,42783.50,0.295944,50036.43,0.396907,37308.46,0.376751,39304.48,0.401822,36852.10,1.074367,0.071529,0.068296,0.376751,1.590942,0.040147,84,1219085,1218640,10044064,7097,0,0,0,13724,0,0,0,0,0,0,0,0,0,0,0,0,0,0,0,0,0,0,0,7522600610603528981,7522600610603528981,7522600610603528981,2178709499666315949,2178709499666315949,2178709499666315949
34,100,17223,8,10,1.005624,17126.68,0.430603,39997.36,0.371238,46393.47,0.330796,52065.35,0.401216,42926.95,0.370973,46426.60,0.398779,43189.38,1.042507,0.073650,0.081261,0.370973,1.568390,0.043708,76,1304270,1304000,11015484,17328,0,0,0,25156,0,0,0,0,0,0,0,0,0,0,0,0,0,0,0,0,0,0,0,7655586255210178753,7655586255210178753,7655586255210178753,15233890922113897928,15233890922113897928,15233890922113897928
35,100,14729,8,10,1.072755,13730.07,0.460341,31995.82,0.338458,43517.91,0.325760,45214.30,0.427725,34435.64,0.405158,36353.70,0.431254,34153.90,1.103637,0.076953,0.069523,0.405158,1.655271,0.040735,83,1215718,1215453,10106084,8275,0,0,0,15893,0,0,0,0,0,0,0,0,0,0,0,0,0,0,0,0,0,0,0,7145910315707154899,7145910315707154899,7145910315707154899,7135920117731531769,7135920117731531769,7135920117731531769
36,100,14230,8,10,1.034084,13760.97,0.428907,33177.36,0.333456,42674.28,0.306067,46493.02,0.392574,36247.95,0.366710,38804.53,0.400044,35571.08,1.056146,0.075939,0.071786,0.366710,1.570581,0.041311,77,1244687,1244412,9648952,8142,0,0,0,14896,0,0,0,0,0,0,0,0,0,0,0,0,0,0,0,0,0,0,0,6191792593387362341,6191792593387362341,6191792593387362341,4132803141136549426,4132803141136549426,4132803141136549426
37,100,14563,8,10,0.982516,14822.15,0.423127,34417.53,0.312635,46581.50,0.292693,49755.25,0.395876,36786.76,0.365198,39876.98,0.406267,35845.92,1.029569,0.057748,0.067345,0.365198,1.519860,0.039525,80,1193460,1193285,9711372,8528,0,0,0,15325,0,0,0,0,0,0,0,0,0,0,0,0,0,0,0,0,0,0,0,10967094089627137195,10967094089627137195,10967094089627137195,9879515805585345441,9879515805585345441,9879515805585345441
38,100,14766,8,10,1.047266,14099.57,0.435528,33903.67,0.331275,44573.21,0.313147,47153.61,0.390947,37769.83,0.378096,39053.58,0.399749,36938.22,1.086525,0.076842,0.075548,0.378096,1.617011,0.041700,85,1252136,1251926,9838520,7728,0,0,0,15703,0,0,0,0,0,0,0,0,0,0,0,0,0,0,0,0,0,0,0,7988820011168799574,7988820011168799574,7988820011168799574,3220942639624649652,3220942639624649652,3220942639624649652
39,100,15804,8,10,1.110542,14230.89,0.481966,32790.71,0.335426,47116.14,0.317145,49832.17,0.457263,34562.20,0.425243,37164.60,0.466161,33902.42,1.157286,0.062236,0.075432,0.425243,1.720198,0.043989,82,1290038,1289778,10375184,8925,0,0,0,15674,0,0,0,0,0,0,0,0,0,0,0,0,0,0,0,0,0,0,0,1489798741888085370,1489798741888085370,1489798741888085370,14664403466425348143,14664403466425348143,14664403466425348143
40,100,16064,8,10,1.047735,15332.13,0.461043,34842.76,0.374517,42892.53,0.356457,45065.74,0.422004,38065.97,0.399690,40191.14,0.424923,37804.51,1.061793,0.082841,0.081386,0.399690,1.625710,0.042228,78,1269857,1269567,10640928,10341,0,0,0,18632,0,0,0,0,0,0,0,0,0,0,0,0,0,0,0,0,0,0,0,7516436914585599611,7516436914585599611,7516436914585599611,12117146532369443022,12117146532369443022,12117146532369443022
41,100,15896,8,10,1.073990,14800.89,0.472629,33633.15,0.373937,42509.84,0.346848,45829.90,0.428992,37054.27,0.393333,40413.61,0.432594,36745.73,1.103799,0.076041,0.086087,0.393333,1.659259,0.042460,70,1259463,1259173,10525504,11539,0,0,0,19369,0,0,0,0,0,0,0,0,0,0,0,0,0,0,0,0,0,0,0,16533474681386066863,16533474681386066863,16533474681386066863,3223817312741506701,3223817312741506701,3223817312741506701
42,100,14379,8,10,1.134507,12674.23,0.501495,28672.25,0.355188,40482.73,0.327383,43921.07,0.449874,31962.27,0.429720,33461.33,0.453290,31721.40,1.181300,0.061433,0.072246,0.429720,1.744699,0.040212,82,1192944,1192759,9884684,7665,0,0,0,15323,0,0,0,0,0,0,0,0,0,0,0,0,0,0,0,0,0,0,0,6778186977813814987,6778186977813814987,6778186977813814987,4102709114897049057,4102709114897049057,4102709114897049057
43,100,14535,8,10,1.204699,12065.26,0.531019,27371.90,0.409799,35468.61,0.376933,38561.21,0.458758,31683.35,0.435224,33396.57,0.467006,31123.80,1.210996,0.071436,0.071097,0.435224,1.788754,0.040407,80,1236274,1236034,10128924,8766,0,0,0,17173,0,0,0,0,0,0,0,0,0,0,0,0,0,0,0,0,0,0,0,16770272368503173896,16770272368503173896,16770272368503173896,6446271084915667113,6446271084915667113,6446271084915667113
44,100,15203,8,10,1.059647,14347.22,0.467475,32521.50,0.416875,36468.99,0.396324,38359.99,0.434808,34964.89,0.422642,35971.32,0.437341,34762.34,1.092639,0.077538,0.089606,0.422642,1.682425,0.043160,84,1313834,1313399,10600844,11634,0,0,0,22006,0,0,0,0,0,0,0,0,0,0,0,0,0,0,0,0,0,0,0,17059197320118913972,17059197320118913972,17059197320118913972,7222124321147994436,7222124321147994436,7222124321147994436
45,100,15017,8,10,1.087629,13807.09,0.529217,28375.90,0.460198,32631.61,0.422627,35532.50,0.508733,29518.44,0.477336,31460.05,0.499363,30072.33,1.117967,0.078990,0.072080,0.477336,1.746372,0.042358,88,1310660,1310310,10540612,14772,0,0,0,26044,0,0,0,0,0,0,0,0,0,0,0,0,0,0,0,0,0,0,0,2417051351113718140,2417051351113718140,2417051351113718140,10716367747512859624,10716367747512859624,10716367747512859624
46,100,14849,8,10,1.086934,13661.36,0.477649,31087.69,0.431157,34439.91,0.387165,38353.20,0.450974,32926.50,0.428923,34619.29,0.453939,32711.43,1.119355,0.075765,0.076899,0.428923,1.700941,0.040119,85,1226920,1226730,10345668,10184,0,0,0,18590,0,0,0,0,0,0,0,0,0,0,0,0,0,0,0,0,0,0,0,9419297532323478857,9419297532323478857,9419297532323478857,10885225376988786822,10885225376988786822,10885225376988786822
47,100,14417,8,10,1.075927,13399.60,0.458852,31419.73,0.375500,38394.19,0.365132,39484.39,0.440158,32754.16,0.409482,35207.93,0.436947,32994.85,1.096712,0.068887,0.069331,0.409482,1.644411,0.039990,82,1229367,1229082,9974468,10089,0,0,0,18548,0,0,0,0,0,0,0,0,0,0,0,0,0,0,0,0,0,0,0,16519867997134208720,16519867997134208720,16519867997134208720,10346950813476848461,10346950813476848461,10346950813476848461
48,100,13748,8,10,1.107322,12415.53,0.484456,28378.22,0.363577,37813.14,0.351030,39164.75,0.455857,30158.55,0.419288,32788.94,0.472138,29118.59,1.137390,0.071497,0.068495,0.419288,1.696671,0.039582,82,1217125,1216910,9760080,8694,0,0,0,17084,0,0,0,0,0,0,0,0,0,0,0,0,0,0,0,0,0,0,0,8264799914122999411,8264799914122999411,8264799914122999411,5976919815500699021,5976919815500699021,5976919815500699021
49,100,14524,8,10,1.206971,12033.43,0.565662,25676.13,0.374678,38763.98,0.355888,40810.60,0.515152,28193.64,0.456107,31843.40,0.525150,27656.88,1.245257,0.070533,0.075989,0.456107,1.847886,0.040445,69,1236893,1236688,9998448,8710,0,0,0,14929,0,0,0,0,0,0,0,0,0,0,0,0,0,0,0,0,0,0,0,10631696764180779699,10631696764180779699,10631696764180779699,7540346659744390337,7540346659744390337,7540346659744390337
50,100,14635,8,10,1.999174,7320.52,1.490075,9821.65,1.003002,14591.20,0.980520,14925.76,1.437158,10183.29,1.257310,11639.93,1.437764,10179.00,2.040204,0.079215,0.105641,1.257310,3.482370,0.038375,49,1169153,1168708,9777580,14593,0,0,0,11740,0,0,0,0,0,0,0,0,0,0,0,0,0,0,0,0,0,0,0,4940446597737460576,4940446597737460576,4940446597737460576,8772625879005284750,8772625879005284750,8772625879005284750
51,100,14705,8,10,1.810530,8121.93,1.286342,11431.64,0.901854,16305.30,0.866786,16964.97,1.226717,11987.28,1.078993,13628.45,1.216813,12084.85,1.852919,0.067850,0.101056,1.078993,3.100818,0.038852,56,1197021,1196651,10081636,12597,0,0,0,10010,0,0,0,0,0,0,0,0,0,0,0,0,0,0,0,0,0,0,0,16850210190286157385,16850210190286157385,16850210190286157385,1169421743708031900,1169421743708031900,1169421743708031900
52,100,13744,8,10,2.136623,6432.58,1.661273,8273.17,1.225835,11211.95,1.203390,11421.07,1.587166,8659.46,1.420296,9676.86,1.584460,8674.25,2.198707,0.062745,0.095042,1.420296,3.776789,0.037338,51,1135780,1135245,9555040,14216,0,0,0,5991,0,0,0,0,0,0,0,0,0,0,0,0,0,0,0,0,0,0,0,2316070242825835264,2316070242825835264,2316070242825835264,12878095896657338674,12878095896657338674,12878095896657338674
53,100,13339,8,10,2.501121,5333.21,2.020847,6600.70,1.567307,8510.78,1.519389,8779.19,1.943713,6862.64,1.689121,7897.01,1.941146,6871.71,2.562349,0.079005,0.100092,1.689121,4.430567,0.037644,49,1098328,1097868,9322636,12762,0,0,0,6082,0,0,0,0,0,0,0,0,0,0,0,0,0,0,0,0,0,0,0,9749115227561540525,9749115227561540525,9749115227561540525,2777155522380418999,2777155522380418999,2777155522380418999
54,100,13302,8,10,1.860325,7150.36,1.389455,9573.54,0.871879,15256.71,0.860089,15465.84,1.316036,10107.63,1.107969,12005.76,1.316278,10105.77,1.903064,0.066905,0.095425,1.107969,3.173364,0.035540,52,1109081,1108581,9270552,14161,0,0,0,11090,0,0,0,0,0,0,0,0,0,0,0,0,0,0,0,0,0,0,0,11287689593919998941,11287689593919998941,11287689593919998941,6763174095444131268,6763174095444131268,6763174095444131268
55,100,15419,8,10,1.834810,8403.60,1.355039,11379.01,0.994466,15504.81,0.913479,16879.43,1.302159,11841.11,1.046461,14734.42,1.299169,11868.35,1.892288,0.073675,0.114399,1.046461,3.126824,0.040799,45,1190190,1189820,10026188,15305,0,0,0,13361,0,0,0,0,0,0,0,0,0,0,0,0,0,0,0,0,0,0,0,9805300937517041101,9805300937517041101,9805300937517041101,5503400169833792099,5503400169833792099,5503400169833792099
56,100,15541,8,10,1.139694,13636.11,0.640564,24261.43,0.441392,35209.07,0.388368,40016.20,0.592758,26218.13,0.546394,28442.82,0.597053,26029.53,1.185301,0.078505,0.084087,0.546394,1.894287,0.042929,81,1314966,1314536,10481844,12108,0,0,0,20686,0,0,0,0,0,0,0,0,0,0,0,0,0,0,0,0,0,0,0,14515501203803858452,14515501203803858452,14515501203803858452,15646227258952188969,15646227258952188969,15646227258952188969
57,100,14202,8,10,1.187825,11956.31,0.671833,21139.19,0.394519,35998.31,0.367442,38651.03,0.617897,22984.43,0.509782,27858.98,0.635031,22364.25,1.225542,0.064343,0.091498,0.509782,1.891165,0.039655,67,1231618,1231283,9829160,10234,0,0,0,19540,0,0,0,0,0,0,0,0,0,0,0,0,0,0,0,0,0,0,0,15884443217207106747,15884443217207106747,15884443217207106747,10371314593379042052,10371314593379042052,10371314593379042052
58,100,13584,8,10,1.175249,11558.40,0.586393,23165.35,0.401089,33867.80,0.377519,35982.30,0.547718,24801.07,0.461166,29455.75,0.555981,24432.47,1.206284,0.074700,0.083565,0.461166,1.825716,0.039474,74,1185031,1184666,9530464,9811,0,0,0,17991,0,0,0,0,0,0,0,0,0,0,0,0,0,0,0,0,0,0,0,11202502255004833787,11202502255004833787,11202502255004833787,5131274774038369185,5131274774038369185,5131274774038369185
59,100,14206,8,10,1.266873,11213.43,0.659400,21543.82,0.404631,35108.56,0.367980,38605.35,0.618156,22981.27,0.469103,30283.33,0.619904,22916.44,1.329453,0.058665,0.089005,0.469103,1.946226,0.041302,64,1251874,1251554,9852408,10223,0,0,0,18952,0,0,0,0,0,0,0,0,0,0,0,0,0,0,0,0,0,0,0,4588505787296720276,4588505787296720276,4588505787296720276,15872774847544930902,15872774847544930902,15872774847544930902
60,100,14594,8,10,1.312809,11116.62,0.710170,20550.00,0.454799,32088.92,0.409696,35621.55,0.659407,22132.01,0.546564,26701.37,0.670049,21780.51,1.353034,0.077278,0.077059,0.546564,2.053934,0.041284,72,1275806,1275401,10180168,10818,0,0,0,19564,0,0,0,0,0,0,0,0,0,0,0,0,0,0,0,0,0,0,0,8582164159132132923,8582164159132132923,8582164159132132923,3474890191418700630,3474890191418700630,3474890191418700630
61,100,14306,8,10,1.619118,8835.67,1.067538,13400.93,0.768345,18619.24,0.596154,23997.16,1.008272,14188.64,0.889307,16086.68,1.011228,14147.15,1.675335,0.072238,0.085162,0.889307,2.722042,0.040223,64,1222531,1222201,9894216,9845,0,0,0,14838,0,0,0,0,0,0,0,0,0,0,0,0,0,0,0,0,0,0,0,9301925580005845573,9301925580005845573,9301925580005845573,3000738333757575753,3000738333757575753,3000738333757575753
62,100,14637,8,10,1.286062,11381.25,0.682208,21455.32,0.438347,33391.38,0.382525,38264.18,0.637960,22943.46,0.519156,28193.85,0.649491,22536.13,1.328318,0.065998,0.088263,0.519156,2.001735,0.039138,63,1202854,1202649,9813556,10010,0,0,0,16165,0,0,0,0,0,0,0,0,0,0,0,0,0,0,0,0,0,0,0,944416934973148441,944416934973148441,944416934973148441,10844911574389799577,10844911574389799577,10844911574389799577
63,100,19445,8,10,1.253909,15507.50,0.640946,30337.98,0.432431,44966.68,0.386981,50247.95,0.600462,32383.41,0.519530,37428.05,0.610797,31835.43,1.289406,0.090695,0.088914,0.519530,1.988545,0.044614,77,1299301,1298976,11094132,14160,0,0,0,19624,0,0,0,0,0,0,0,0,0,0,0,0,0,0,0,0,0,0,0,16021503942615948899,16021503942615948899,16021503942615948899,1053343989128033076,1053343989128033076,1053343989128033076
64,100,22352,8,10,1.156161,19332.96,0.608796,36715.07,0.424943,52599.97,0.390373,57258.07,0.570702,39165.79,0.515464,43362.90,0.582960,38342.24,1.193701,0.089427,0.093222,0.515464,1.891813,0.046348,78,1329246,1328866,11735808,15511,0,0,0,22239,0,0,0,0,0,0,0,0,0,0,0,0,0,0,0,0,0,0,0,10983357725593362139,10983357725593362139,10983357725593362139,16807690420361555807,16807690420361555807,16807690420361555807
65,100,15072,8,10,1.468861,10261.01,0.845326,17829.81,0.478367,31507.17,0.413304,36467.06,0.804969,18723.70,0.666514,22613.16,0.806198,18695.16,1.487228,0.080842,0.091653,0.666514,2.326237,0.042211,63,1239426,1239016,10266336,11091,0,0,0,16218,0,0,0,0,0,0,0,0,0,0,0,0,0,0,0,0,0,0,0,1578911346966718956,1578911346966718956,1578911346966718956,9982462429800158421,9982462429800158421,9982462429800158421
66,100,15082,8,10,1.289863,11692.72,0.670086,22507.55,0.401113,37600.41,0.375246,40192.30,0.623485,24189.84,0.526121,28666.43,0.630471,23921.82,1.320606,0.079812,0.080509,0.526121,2.007048,0.040010,70,1209403,1209178,9938664,9456,0,0,0,17054,0,0,0,0,0,0,0,0,0,0,0,0,0,0,0,0,0,0,0,3213914534012962020,3213914534012962020,3213914534012962020,6322720136173766924,6322720136173766924,6322720136173766924
67,100,15003,8,10,1.126863,13313.95,0.534570,28065.55,0.395151,37967.72,0.375469,39958.08,0.497646,30147.94,0.457886,32765.80,0.506878,29598.82,1.162828,0.073800,0.068334,0.457886,1.762849,0.039814,84,1173028,1172713,10015212,10541,0,0,0,18971,0,0,0,0,0,0,0,0,0,0,0,0,0,0,0,0,0,0,0,11915484518043537868,11915484518043537868,11915484518043537868,9633467645946195156,9633467645946195156,9633467645946195156
68,100,15544,8,10,1.419918,10947.11,0.895198,17363.75,0.607483,25587.54,0.474062,32788.96,0.851705,18250.45,0.757412,20522.51,0.847259,18346.22,1.462816,0.075286,0.079771,0.757412,2.375285,0.040918,80,1236475,1235945,10467968,13891,0,0,0,22665,0,0,0,0,0,0,0,0,0,0,0,0,0,0,0,0,0,0,0,5860430702883140591,5860430702883140591,5860430702883140591,13300796619668606870,13300796619668606870,13300796619668606870
69,100,15573,8,10,1.281278,12154.27,0.710404,21921.33,0.494426,31497.10,0.466717,33367.08,0.671886,23178.03,0.614222,25354.02,0.679516,22917.78,1.303490,0.075344,0.072487,0.614222,2.065544,0.040708,88,1239351,1238691,10389748,12985,0,0,0,22619,0,0,0,0,0,0,0,0,0,0,0,0,0,0,0,0,0,0,0,12180089885855397735,12180089885855397735,12180089885855397735,12092207590188566621,12092207590188566621,12092207590188566621
70,100,14916,8,10,1.219480,12231.45,0.654094,22804.05,0.477322,31249.35,0.446325,33419.61,0.605378,24639.16,0.546482,27294.59,0.611739,24382.93,1.255227,0.072761,0.072032,0.546482,1.946502,0.040105,87,1216233,1215728,9812048,12347,0,0,0,22478,0,0,0,0,0,0,0,0,0,0,0,0,0,0,0,0,0,0,0,11205112108862615292,11205112108862615292,11205112108862615292,6044394946709458293,6044394946709458293,6044394946709458293
71,100,14683,8,10,1.625772,9031.40,1.019638,14400.21,0.615979,23836.84,0.511616,28699.23,0.971487,15113.94,0.854244,17188.29,0.985180,14903.88,1.675969,0.077131,0.082943,0.854244,2.690288,0.039043,71,1189374,1188629,9949324,12592,0,0,0,15123,0,0,0,0,0,0,0,0,0,0,0,0,0,0,0,0,0,0,0,10587355230903988339,10587355230903988339,10587355230903988339,16305261299758391278,16305261299758391278,16305261299758391278
72,100,15413,8,10,1.518121,10152.68,0.837331,18407.30,0.492030,31325.34,0.403620,38186.88,0.770846,19994.93,0.646507,23840.41,0.785695,19617.04,1.551806,0.078549,0.082018,0.646507,2.358881,0.041031,70,1216895,1216405,10204084,9860,0,0,0,14648,0,0,0,0,0,0,0,0,0,0,0,0,0,0,0,0,0,0,0,9226180879510318105,9226180879510318105,9226180879510318105,333701057784986814,333701057784986814,333701057784986814
73,100,14890,8,10,1.364726,10910.62,0.752769,19780.31,0.570969,26078.47,0.401898,37049.20,0.711210,20936.15,0.609563,24427.33,0.721891,20626.39,1.406353,0.084650,0.084208,0.609563,2.184774,0.040716,75,1215994,1215594,10097032,11086,0,0,0,20035,0,0,0,0,0,0,0,0,0,0,0,0,0,0,0,0,0,0,0,12152610830097422403,12152610830097422403,12152610830097422403,17399350775125259170,17399350775125259170,17399350775125259170
74,100,15759,8,10,1.389526,11341.27,0.739960,21297.09,0.453430,34755.10,0.397749,39620.43,0.700080,22510.27,0.597615,26369.84,0.694560,22689.18,1.432299,0.067870,0.083534,0.597615,2.181317,0.041120,73,1248143,1247633,10357404,12035,0,0,0,17076,0,0,0,0,0,0,0,0,0,0,0,0,0,0,0,0,0,0,0,16540110285803463628,16540110285803463628,16540110285803463628,13316019513936772818,13316019513936772818,13316019513936772818
75,100,15407,8,10,1.166688,13205.76,0.554330,27793.93,0.409860,37590.93,0.385132,40004.45,0.523921,29407.13,0.478210,32218.08,0.523051,29456.00,1.199118,0.076330,0.072484,0.478210,1.826142,0.040644,84,1213222,1212882,10167324,11327,0,0,0,19387,0,0,0,0,0,0,0,0,0,0,0,0,0,0,0,0,0,0,0,2111853142034543534,2111853142034543534,2111853142034543534,15720473947571246455,15720473947571246455,15720473947571246455
76,100,14274,8,10,1.473633,9686.26,0.899635,15866.44,0.486821,29320.81,0.369612,38618.86,0.856387,16667.70,0.677296,21074.99,0.858688,16623.03,1.522024,0.061987,0.091471,0.677296,2.352778,0.038252,62,1124693,1124308,9531944,9309,0,0,0,13216,0,0,0,0,0,0,0,0,0,0,0,0,0,0,0,0,0,0,0,6242571385924862808,6242571385924862808,6242571385924862808,9644758124350283413,9644758124350283413,9644758124350283413
77,100,15126,8,10,1.307459,11569.01,0.750673,20149.93,0.450449,33579.81,0.366939,41222.06,0.707535,21378.43,0.547609,27621.89,0.706928,21396.79,1.365416,0.067811,0.097112,0.547609,2.077948,0.039747,69,1165908,1165583,9748856,12010,0,0,0,16891,0,0,0,0,0,0,0,0,0,0,0,0,0,0,0,0,0,0,0,3406729477636664049,3406729477636664049,3406729477636664049,12878685124661038080,12878685124661038080,12878685124661038080
78,100,15285,8,10,1.348005,11338.98,0.784314,19488.38,0.490653,31152.37,0.437176,34963.07,0.742135,20595.98,0.639541,23899.94,0.742981,20572.53,1.408630,0.070044,0.082868,0.639541,2.201083,0.041218,86,1194966,1194451,10046004,12699,0,0,0,18161,0,0,0,0,0,0,0,0,0,0,0,0,0,0,0,0,0,0,0,13317184512320996171,13317184512320996171,13317184512320996171,14532086343460771890,14532086343460771890,14532086343460771890
79,100,15843,8,10,1.313091,12065.43,0.759135,20869.82,0.469596,33737.52,0.430524,36799.33,0.728889,21735.82,0.676366,23423.70,0.722857,21917.20,1.365252,0.083003,0.084896,0.676366,2.209517,0.043536,88,1274470,1274055,10728652,13934,0,0,0,22165,0,0,0,0,0,0,0,0,0,0,0,0,0,0,0,0,0,0,0,12917104093616577038,12917104093616577038,12917104093616577038,17407713348339112149,17407713348339112149,17407713348339112149
80,100,15299,8,10,1.328588,11515.23,0.774132,19762.79,0.535044,28593.93,0.404694,37803.89,0.731777,20906.65,0.612582,24974.63,0.735140,20811.01,1.365774,0.067170,0.107767,0.612582,2.153292,0.042043,66,1205545,1205110,10220460,10800,0,0,0,19059,0,0,0,0,0,0,0,0,0,0,0,0,0,0,0,0,0,0,0,14499655747608753423,14499655747608753423,14499655747608753423,1851704281731097131,1851704281731097131,1851704281731097131
81,100,15405,8,10,1.405889,10957.48,0.808380,19056.64,0.442450,34817.47,0.378361,40715.14,0.766818,20089.50,0.641989,23995.73,0.761179,20238.33,1.435682,0.076108,0.100499,0.641989,2.254278,0.041024,58,1213860,1213560,10137332,11124,0,0,0,15906,0,0,0,0,0,0,0,0,0,0,0,0,0,0,0,0,0,0,0,4678732521437983992,4678732521437983992,4678732521437983992,13227436398794989977,13227436398794989977,13227436398794989977
82,100,16427,8,10,1.109803,14801.73,0.522849,31418.23,0.388568,42275.71,0.365978,44885.19,0.499984,32855.08,0.447309,36724.09,0.505044,32525.91,1.137025,0.077728,0.088408,0.447309,1.750470,0.042829,72,1260432,1260107,10427404,10483,0,0,0,18247,0,0,0,0,0,0,0,0,0,0,0,0,0,0,0,0,0,0,0,8524126819586487150,8524126819586487150,8524126819586487150,9641892673907329278,9641892673907329278,9641892673907329278
83,100,16389,8,10,1.085160,15102.85,0.527135,31090.68,0.429967,38116.84,0.401415,40828.09,0.482683,33953.94,0.450402,36387.48,0.490812,33391.63,1.138130,0.062970,0.081512,0.450402,1.733015,0.042957,81,1259291,1259051,10550452,11948,0,0,0,21119,0,0,0,0,0,0,0,0,0,0,0,0,0,0,0,0,0,0,0,1230796624255281360,1230796624255281360,1230796624255281360,6581137849967759797,6581137849967759797,6581137849967759797
84,100,16604,8,10,1.010475,16431.87,0.487478,34061.03,0.439703,37761.89,0.414540,40054.07,0.455977,36414.11,0.450471,36859.19,0.456648,36360.62,1.035423,0.082044,0.070038,0.450471,1.637976,0.043092,91,1301125,1300875,10854512,11333,0,0,0,21447,0,0,0,0,0,0,0,0,0,0,0,0,0,0,0,0,0,0,0,15223709524471604932,15223709524471604932,15223709524471604932,12677503441383911081,12677503441383911081,12677503441383911081
85,100,16370,8,10,1.046495,15642.70,0.486225,33667.56,0.451048,36293.26,0.412759,39659.90,0.462939,35361.00,0.446074,36697.91,0.461917,35439.30,1.079006,0.080502,0.076790,0.446074,1.682373,0.041639,82,1255342,1255112,10200616,11547,0,0,0,22109,0,0,0,0,0,0,0,0,0,0,0,0,0,0,0,0,0,0,0,3493576555983532756,3493576555983532756,3493576555983532756,12689933497661101806,12689933497661101806,12689933497661101806
86,100,17024,8,10,1.035903,16433.97,0.487497,34921.25,0.447512,38041.40,0.425115,40045.60,0.474858,35850.75,0.459867,37019.36,0.469337,36272.42,1.065580,0.086323,0.076379,0.459867,1.688149,0.044219,90,1317316,1316881,10768512,12567,0,0,0,23099,0,0,0,0,0,0,0,0,0,0,0,0,0,0,0,0,0,0,0,6647978491080645360,6647978491080645360,6647978491080645360,10199558011625692149,10199558011625692149,10199558011625692149
87,100,15987,8,10,1.110354,14398.11,0.510130,31339.04,0.460922,34684.84,0.430875,37103.59,0.485587,32923.04,0.468180,34147.09,0.479437,33345.38,1.142713,0.079011,0.079081,0.468180,1.768986,0.042597,90,1285722,1285387,10704460,12112,0,0,0,24210,0,0,0,0,0,0,0,0,0,0,0,0,0,0,0,0,0,0,0,5096180137564115987,5096180137564115987,5096180137564115987,15985702638064531491,15985702638064531491,15985702638064531491
88,100,16127,8,10,1.019834,15813.35,0.531400,30348.13,0.488849,32989.74,0.448216,35980.42,0.504587,31960.81,0.495619,32539.13,0.495114,32572.26,1.060615,0.076476,0.071853,0.495619,1.704563,0.043009,94,1284381,1284076,10641852,12533,0,0,0,24094,0,0,0,0,0,0,0,0,0,0,0,0,0,0,0,0,0,0,0,14829343323815164080,14829343323815164080,14829343323815164080,18186948137424244773,18186948137424244773,18186948137424244773
89,100,16163,8,10,2.251635,7178.34,1.739716,9290.60,1.418846,11391.65,1.318751,12256.30,1.670725,9674.24,1.574790,10263.59,1.672537,9663.77,2.304458,0.083319,0.095767,1.574790,4.058334,0.042930,67,1211151,1210946,10138956,10610,0,0,0,7518,0,0,0,0,0,0,0,0,0,0,0,0,0,0,0,0,0,0,0,8231563725146475505,8231563725146475505,8231563725146475505,13710451063947670450,13710451063947670450,13710451063947670450
90,100,17010,8,10,1.109363,15333.13,0.553133,30752.11,0.414580,41029.47,0.393816,43192.73,0.528390,32192.16,0.487269,34908.87,0.523737,32478.15,1.135835,0.084822,0.081771,0.487269,1.789697,0.042955,78,1274172,1273832,10677352,12512,0,0,0,20946,0,0,0,0,0,0,0,0,0,0,0,0,0,0,0,0,0,0,0,17871748673468021946,17871748673468021946,17871748673468021946,15919649347343024237,15919649347343024237,15919649347343024237
91,100,16515,8,10,1.092544,15116.09,0.587232,28123.47,0.443270,37257.21,0.406271,40650.16,0.569167,29016.07,0.525777,31410.65,0.564144,29274.43,1.117727,0.082038,0.080978,0.525777,1.806520,0.042693,83,1265089,1264834,10284812,11645,0,0,0,20656,0,0,0,0,0,0,0,0,0,0,0,0,0,0,0,0,0,0,0,4924425921436800857,4924425921436800857,4924425921436800857,4816896909675600700,4816896909675600700,4816896909675600700
92,100,16042,8,10,1.158460,13847.70,0.639197,25097.10,0.540541,29677.68,0.445977,35970.43,0.608156,26378.09,0.560108,28640.90,0.601483,26670.74,1.206806,0.067045,0.077627,0.560108,1.911586,0.042397,86,1232563,1232053,10263656,13004,0,0,0,23302,0,0,0,0,0,0,0,0,0,0,0,0,0,0,0,0,0,0,0,13460949904463569455,13460949904463569455,13460949904463569455,6736880780240840050,6736880780240840050,6736880780240840050
93,100,15510,8,10,1.280349,12113.89,0.796928,19462.23,0.553272,28033.21,0.487760,31798.45,0.771803,20095.80,0.732391,21177.22,0.775981,19987.62,1.324651,0.075440,0.073239,0.732391,2.205720,0.041188,86,1251213,1250708,10427128,14081,0,0,0,24130,0,0,0,0,0,0,0,0,0,0,0,0,0,0,0,0,0,0,0,8834042303435937456,8834042303435937456,8834042303435937456,6879764110310946606,6879764110310946606,6879764110310946606
94,100,15436,8,10,1.101656,14011.63,0.616056,25056.18,0.521288,29611.29,0.490590,31464.19,0.591878,26079.68,0.567974,27177.32,0.588311,26237.81,1.130356,0.085749,0.069121,0.567974,1.853199,0.042067,92,1275668,1275113,10495408,14206,0,0,0,26048,0,0,0,0,0,0,0,0,0,0,0,0,0,0,0,0,0,0,0,10044997598768561306,10044997598768561306,10044997598768561306,156247784088379301,156247784088379301,156247784088379301
95,100,15203,8,10,1.187548,12802.01,0.713814,21298.26,0.530198,28674.18,0.470636,32303.13,0.667252,22784.49,0.636223,23895.71,0.660753,23008.61,1.215085,0.076657,0.088359,0.636223,2.016324,0.040482,90,1237338,1236953,10292460,12584,0,0,0,23263,0,0,0,0,0,0,0,0,0,0,0,0,0,0,0,0,0,0,0,3442749283075184942,3442749283075184942,3442749283075184942,8851061810679285572,8851061810679285572,8851061810679285572
96,100,15333,8,10,1.052908,14562.52,0.550800,27837.68,0.530593,28897.88,0.493600,31063.61,0.539441,28423.89,0.535395,28638.67,0.529695,28946.87,1.091775,0.076456,0.069219,0.535395,1.772844,0.041660,97,1237242,1236682,10431508,14427,0,0,0,25353,0,0,0,0,0,0,0,0,0,0,0,0,0,0,0,0,0,0,0,13508266465090864483,13508266465090864483,13508266465090864483,631522568436176643,631522568436176643,631522568436176643
97,100,15430,8,10,1.124578,13720.71,0.542624,28435.88,0.506328,30474.31,0.479819,32157.98,0.524137,29438.85,0.517371,29823.85,0.521336,29597.06,1.146104,0.081529,0.073066,0.517371,1.818070,0.043423,93,1349013,1348573,10845112,13694,0,0,0,25400,0,0,0,0,0,0,0,0,0,0,0,0,0,0,0,0,0,0,0,17209817528264557654,17209817528264557654,17209817528264557654,16845026932640752618,16845026932640752618,16845026932640752618
98,100,15149,8,10,1.165851,12993.94,0.555838,27254.32,0.427970,35397.35,0.400623,37813.62,0.525061,28851.90,0.488590,31005.56,0.521668,29039.52,1.202603,0.074750,0.076417,0.488590,1.842359,0.041007,82,1246837,1246527,10169076,10899,0,0,0,19443,0,0,0,0,0,0,0,0,0,0,0,0,0,0,0,0,0,0,0,1245019163075892053,1245019163075892053,1245019163075892053,34886477173971824,34886477173971824,34886477173971824
99,100,15848,8,10,1.017767,15571.35,0.488488,32443.00,0.437207,36248.29,0.415808,38113.73,0.471345,33622.94,0.452884,34993.47,0.467282,33915.30,1.047454,0.077872,0.071447,0.452884,1.649658,0.042447,88,1269185,1268915,10446144,12819,0,0,0,22630,0,0,0,0,0,0,0,0,0,0,0,0,0,0,0,0,0,0,0,9394769298924135861,9394769298924135861,9394769298924135861,9940665470685856724,9940665470685856724,9940665470685856724
100,100,18072,8,10,1.185530,15243.82,0.564070,32038.56,0.478904,37736.16,0.447531,40381.55,0.536479,33686.31,0.498099,36281.95,0.531538,33999.45,1.214878,0.085920,0.085357,0.498099,1.884253,0.048397,81,1422583,1422173,11877120,17050,0,0,0,28006,0,0,0,0,0,0,0,0,0,0,0,0,0,0,0,0,0,0,0,12637693855038695635,12637693855038695635,12637693855038695635,8689654497590860697,8689654497590860697,8689654497590860697
101,100,17248,8,10,1.200192,14371.04,0.583664,29551.26,0.482162,35772.21,0.444339,38817.20,0.552684,31207.70,0.496703,34725.01,0.545823,31599.96,1.237921,0.085492,0.104590,0.496703,1.924706,0.046449,78,1396545,1396150,11465376,13393,0,0,0,23980,0,0,0,0,0,0,0,0,0,0,0,0,0,0,0,0,0,0,0,12155153778323334746,12155153778323334746,12155153778323334746,10110352391257671729,10110352391257671729,10110352391257671729
102,100,17320,8,10,1.368907,12652.43,0.744613,23260.40,0.541439,31988.84,0.498883,34717.58,0.693979,24957.51,0.618960,27982.41,0.687859,25179.58,1.408035,0.085897,0.085655,0.618960,2.198548,0.047068,78,1419432,1418917,11522496,15653,0,0,0,27083,0,0,0,0,0,0,0,0,0,0,0,0,0,0,0,0,0,0,0,5305905101300986476,5305905101300986476,5305905101300986476,18310690108192613513,18310690108192613513,18310690108192613513
103,100,17430,8,10,1.154130,15102.29,0.579537,30075.73,0.498027,34998.08,0.476279,36596.23,0.539974,32279.34,0.513723,33928.77,0.533816,32651.72,1.202905,0.074214,0.081767,0.513723,1.872609,0.047678,85,1426987,1426502,11556440,15411,0,0,0,27328,0,0,0,0,0,0,0,0,0,0,0,0,0,0,0,0,0,0,0,11672482042170367599,11672482042170367599,11672482042170367599,9380864215181397129,9380864215181397129,9380864215181397129
104,100,17481,8,10,1.290531,13545.59,0.654714,26700.19,0.484797,36058.38,0.452311,38648.22,0.623568,28033.85,0.569396,30700.95,0.622623,28076.38,1.335507,0.085102,0.087301,0.569396,2.077305,0.047484,80,1413542,1413052,11582308,14296,0,0,0,25404,0,0,0,0,0,0,0,0,0,0,0,0,0,0,0,0,0,0,0,6977452660390508624,6977452660390508624,6977452660390508624,6612973055246525717,6612973055246525717,6612973055246525717
105,100,16498,8,10,1.214409,13585.20,0.614787,26835.31,0.523064,31541.06,0.495470,33297.65,0.571007,28892.83,0.546370,30195.68,0.550288,29980.65,1.246257,0.088327,0.078351,0.546370,1.959305,0.046707,89,1370683,1370213,11250568,14306,0,0,0,27176,0,0,0,0,0,0,0,0,0,0,0,0,0,0,0,0,0,0,0,3269397876143959647,3269397876143959647,3269397876143959647,5341228368987051408,5341228368987051408,5341228368987051408
106,100,16403,8,10,1.202227,13643.85,0.639641,25644.06,0.544102,30146.92,0.467572,35081.21,0.613625,26731.30,0.531621,30854.69,0.602594,27220.67,1.258428,0.075354,0.092434,0.531621,1.957837,0.045381,79,1364303,1363893,11154892,14229,0,0,0,23887,0,0,0,0,0,0,0,0,0,0,0,0,0,0,0,0,0,0,0,3923641007322367030,3923641007322367030,3923641007322367030,13072350904412932082,13072350904412932082,13072350904412932082
107,100,17219,8,10,1.172948,14680.11,0.564645,30495.24,0.485271,35483.30,0.448657,38378.97,0.532770,32319.79,0.500424,34408.81,0.532636,32327.87,1.213070,0.088035,0.084517,0.500424,1.886046,0.046754,83,1395246,1394731,11590060,14800,0,0,0,25595,0,0,0,0,0,0,0,0,0,0,0,0,0,0,0,0,0,0,0,18039166759165331027,18039166759165331027,18039166759165331027,3722087121435575675,3722087121435575675,3722087121435575675
108,100,16400,8,10,1.234528,13284.43,0.620190,26443.50,0.452378,36252.86,0.420813,38972.17,0.580744,28239.62,0.527154,31110.47,0.578386,28354.77,1.283564,0.071625,0.079525,0.527154,1.961867,0.045058,82,1352308,1351913,11171360,12029,0,0,0,22130,0,0,0,0,0,0,0,0,0,0,0,0,0,0,0,0,0,0,0,3364796431352030789,3364796431352030789,3364796431352030789,9980621027589387745,9980621027589387745,9980621027589387745
109,100,16675,8,10,1.218210,13688.11,0.598040,27882.76,0.477439,34925.94,0.443987,37557.39,0.563310,29601.83,0.510873,32640.23,0.566160,29452.81,1.257468,0.082315,0.078870,0.510873,1.929525,0.044980,82,1354873,1354498,11408460,14047,0,0,0,25043,0,0,0,0,0,0,0,0,0,0,0,0,0,0,0,0,0,0,0,10781666270336482221,10781666270336482221,10781666270336482221,3781114929109743715,3781114929109743715,3781114929109743715
110,100,17175,8,10,1.171752,14657.54,0.562349,30541.51,0.496471,34594.15,0.460324,37310.65,0.531857,32292.53,0.495040,34694.14,0.521694,32921.61,1.208281,0.085727,0.079345,0.495040,1.868393,0.046668,84,1385690,1385190,11553724,15970,0,0,0,27196,0,0,0,0,0,0,0,0,0,0,0,0,0,0,0,0,0,0,0,15366789310528572017,15366789310528572017,15366789310528572017,9326575637748761818,9326575637748761818,9326575637748761818
111,100,17921,8,10,1.165796,15372.33,0.573112,31269.62,0.482055,37176.23,0.444454,40321.39,0.535854,33443.83,0.500020,35840.53,0.534328,33539.34,1.215216,0.064927,0.079244,0.500020,1.859408,0.046761,86,1402148,1401733,11859812,18321,0,0,0,27801,0,0,0,0,0,0,0,0,0,0,0,0,0,0,0,0,0,0,0,5161028114175501951,5161028114175501951,5161028114175501951,17622521073270257219,17622521073270257219,17622521073270257219
112,100,16987,8,10,1.201927,14133.14,0.576812,29449.78,0.472041,35986.27,0.436549,38912.03,0.526938,32237.21,0.488396,34781.19,0.519553,32695.43,1.234736,0.085558,0.095467,0.488396,1.904157,0.045495,79,1368009,1367409,11651948,14380,0,0,0,25180,0,0,0,0,0,0,0,0,0,0,0,0,0,0,0,0,0,0,0,9354984658525992299,9354984658525992299,9354984658525992299,14159057325962387687,14159057325962387687,14159057325962387687
113,100,15859,8,10,1.276257,12426.18,0.627683,25265.94,0.441917,35886.83,0.412111,38482.37,0.580636,27313.16,0.513634,30876.09,0.587952,26973.29,1.310213,0.078124,0.085747,0.513634,1.987718,0.044112,70,1340329,1339884,11197388,12892,0,0,0,22468,0,0,0,0,0,0,0,0,0,0,0,0,0,0,0,0,0,0,0,968112995572872772,968112995572872772,968112995572872772,5988692245932650808,5988692245932650808,5988692245932650808
114,100,16527,8,10,1.583142,10439.37,0.785315,21045.05,0.459531,35964.91,0.415483,39777.78,0.703902,23479.11,0.586265,28190.33,0.741701,22282.57,1.648929,0.071237,0.086135,0.586265,2.392566,0.045277,70,1362357,1361972,11254876,12164,0,0,0,18800,0,0,0,0,0,0,0,0,0,0,0,0,0,0,0,0,0,0,0,17376250203616418322,17376250203616418322,17376250203616418322,15763894776950008753,15763894776950008753,15763894776950008753
115,100,17001,8,10,1.489712,11412.28,0.729820,23294.80,0.454310,37421.59,0.410653,41399.95,0.632541,26877.31,0.562151,30242.74,0.673814,25230.99,1.530705,0.084125,0.083236,0.562151,2.260217,0.044912,70,1349594,1349164,11189572,14604,0,0,0,19478,0,0,0,0,0,0,0,0,0,0,0,0,0,0,0,0,0,0,0,17022725377502803719,17022725377502803719,17022725377502803719,550972440854287514,550972440854287514,550972440854287514
116,100,16078,8,10,1.600873,10043.27,0.764870,21020.56,0.472942,33995.72,0.450385,35698.38,0.673367,23877.01,0.600818,26760.18,0.717063,22422.02,1.646832,0.065712,0.085536,0.600818,2.398899,0.043923,70,1295805,1295345,11168120,12010,0,0,0,13776,0,0,0,0,0,0,0,0,0,0,0,0,0,0,0,0,0,0,0,3216073357608056878,3216073357608056878,3216073357608056878,2363476244949782479,2363476244949782479,2363476244949782479
117,100,16639,8,10,1.652834,10066.95,0.730181,22787.51,0.479090,34730.46,0.406805,40901.63,0.621446,26774.66,0.549245,30294.33,0.677628,24554.77,1.700597,0.070002,0.087767,0.549245,2.407611,0.047715,67,1475915,1475430,11700444,12797,0,0,0,15643,0,0,0,0,0,0,0,0,0,0,0,0,0,0,0,0,0,0,0,1168395052058842605,1168395052058842605,1168395052058842605,12052206003994891354,12052206003994891354,12052206003994891354
118,100,16464,8,10,1.321818,12455.57,0.603786,27267.93,0.454038,36261.25,0.422635,38955.61,0.549592,29956.77,0.495809,33206.35,0.561581,29317.26,1.360936,0.077735,0.082248,0.495809,2.016727,0.044815,76,1343518,1343008,11132096,11866,0,0,0,20523,0,0,0,0,0,0,0,0,0,0,0,0,0,0,0,0,0,0,0,9087002899532954294,9087002899532954294,9087002899532954294,2412092539180852680,2412092539180852680,2412092539180852680
119,100,15786,8,10,1.594301,9901.52,0.719822,21930.42,0.440982,35797.39,0.391743,40296.83,0.636876,24786.60,0.536919,29401.11,0.679279,23239.34,1.627460,0.072601,0.085272,0.536919,2.322251,0.044113,63,1340653,1340248,10723688,11652,0,0,0,13397,0,0,0,0,0,0,0,0,0,0,0,0,0,0,0,0,0,0,0,16788821965707325823,16788821965707325823,16788821965707325823,17225320177250116448,17225320177250116448,17225320177250116448
120,100,16216,8,10,1.772101,9150.72,0.848906,19102.23,0.493928,32830.70,0.480674,33735.96,0.746299,21728.57,0.637518,25436.13,0.788077,20576.68,1.825942,0.078150,0.084070,0.637518,2.625681,0.044420,65,1310334,1310019,10795648,10623,0,0,0,10166,0,0,0,0,0,0,0,0,0,0,0,0,0,0,0,0,0,0,0,10691125199053434746,10691125199053434746,10691125199053434746,442797931963243130,442797931963243130,442797931963243130
121,100,17159,8,10,1.232482,13922.31,0.596633,28759.72,0.412672,41580.22,0.373103,45990.00,0.548875,31262.14,0.467553,36699.59,0.554676,30935.15,1.269758,0.084571,0.085969,0.467553,1.907852,0.044393,69,1333574,1333199,11263548,11673,0,0,0,19645,0,0,0,0,0,0,0,0,0,0,0,0,0,0,0,0,0,0,0,3759753976228265541,3759753976228265541,3759753976228265541,6286599771507016509,6286599771507016509,6286599771507016509
122,100,16999,8,10,1.258139,13511.23,0.636477,26707.96,0.398923,42612.22,0.363675,46742.24,0.585453,29035.65,0.508689,33417.29,0.594614,28588.27,1.301599,0.070618,0.086712,0.508689,1.967618,0.044875,63,1313626,1313241,11440700,11060,0,0,0,17765,0,0,0,0,0,0,0,0,0,0,0,0,0,0,0,0,0,0,0,3680591928722559141,3680591928722559141,3680591928722559141,8590106267872994368,8590106267872994368,8590106267872994368
123,100,17754,8,10,1.460270,12158.03,0.694414,25566.86,0.432755,41025.53,0.372771,47627.14,0.617856,28734.83,0.553966,32048.91,0.653591,27163.79,1.474515,0.080145,0.083149,0.553966,2.191774,0.045236,72,1330810,1330435,11569256,11906,0,0,0,16095,0,0,0,0,0,0,0,0,0,0,0,0,0,0,0,0,0,0,0,6259054459023183964,6259054459023183964,6259054459023183964,1054610328002992219,1054610328002992219,1054610328002992219
124,100,17119,8,10,1.421201,12045.45,0.652506,26235.78,0.411532,41598.22,0.361852,47309.44,0.589973,29016.59,0.542407,31561.16,0.610326,28048.95,1.456841,0.084512,0.078336,0.542407,2.162096,0.043906,74,1290414,1290124,11349628,11142,0,0,0,15531,0,0,0,0,0,0,0,0,0,0,0,0,0,0,0,0,0,0,0,10216902930717963867,10216902930717963867,10216902930717963867,3454307542322413446,3454307542322413446,3454307542322413446
125,100,17312,8,10,1.307233,13243.24,0.621428,27858.42,0.451868,38312.07,0.403580,42896.10,0.580973,29798.31,0.508862,34021.00,0.574874,30114.45,1.343481,0.080078,0.085500,0.508862,2.017921,0.045328,66,1337208,1336748,11432704,11047,0,0,0,18639,0,0,0,0,0,0,0,0,0,0,0,0,0,0,0,0,0,0,0,9783028782393114716,9783028782393114716,9783028782393114716,2336689819308259908,2336689819308259908,2336689819308259908
126,100,17812,8,10,1.294136,13763.63,0.599008,29735.85,0.431042,41323.09,0.394198,45185.39,0.537811,33119.47,0.482628,36906.31,0.557293,31961.66,1.347750,0.067697,0.096879,0.482628,1.994954,0.049076,72,1360881,1360371,11505072,12174,0,0,0,18910,0,0,0,0,0,0,0,0,0,0,0,0,0,0,0,0,0,0,0,14843301048128617929,14843301048128617929,14843301048128617929,8873336061456285650,8873336061456285650,8873336061456285650
127,100,17130,8,10,1.314468,13031.88,0.621519,27561.49,0.441825,38771.02,0.409475,41834.06,0.575936,29742.91,0.518102,33063.01,0.586572,29203.56,1.354898,0.080594,0.081980,0.518102,2.035572,0.044616,74,1329723,1329458,11164584,12606,0,0,0,20720,0,0,0,0,0,0,0,0,0,0,0,0,0,0,0,0,0,0,0,8653966851692745370,8653966851692745370,8653966851692745370,14158123808381982205,14158123808381982205,14158123808381982205
128,100,16518,8,10,1.579829,10455.56,0.735756,22450.37,0.453246,36443.78,0.406184,40666.29,0.664364,24862.88,0.585992,28188.08,0.696159,23727.35,1.638939,0.083697,0.090830,0.585992,2.399458,0.043940,70,1285337,1285117,10557304,11017,0,0,0,13133,0,0,0,0,0,0,0,0,0,0,0,0,0,0,0,0,0,0,0,4169896748992369608,4169896748992369608,4169896748992369608,9691793798161553535,9691793798161553535,9691793798161553535
129,100,17793,8,10,1.417415,12553.13,0.670558,26534.64,0.451425,39415.17,0.410189,43377.58,0.608246,29252.97,0.559045,31827.47,0.624728,28481.18,1.464000,0.081154,0.079959,0.559045,2.184158,0.045608,78,1336639,1336249,11646308,13224,0,0,0,18419,0,0,0,0,0,0,0,0,0,0,0,0,0,0,0,0,0,0,0,13258866374724783701,13258866374724783701,13258866374724783701,10009895856338761376,10009895856338761376,10009895856338761376
130,100,16944,8,10,1.401786,12087.44,0.645719,26240.53,0.430955,39317.36,0.390100,43435.04,0.585706,28929.20,0.523344,32376.41,0.610820,27739.77,1.438840,0.071060,0.078161,0.523344,2.111405,0.045071,69,1279636,1279206,11249632,11627,0,0,0,19483,0,0,0,0,0,0,0,0,0,0,0,0,0,0,0,0,0,0,0,10732279556311497712,10732279556311497712,10732279556311497712,5960978482521535217,5960978482521535217,5960978482521535217
131,100,17206,8,10,1.282094,13420.23,0.617693,27855.26,0.425355,40450.93,0.398227,43206.49,0.563257,30547.35,0.506887,33944.48,0.554271,31042.57,1.322535,0.081361,0.085872,0.506887,1.996655,0.044102,69,1292075,1291740,11300888,12026,0,0,0,18704,0,0,0,0,0,0,0,0,0,0,0,0,0,0,0,0,0,0,0,12316528131137064061,12316528131137064061,12316528131137064061,17150614910751844538,17150614910751844538,17150614910751844538
132,100,18140,8,10,1.445003,12553.61,0.692895,26180.00,0.477592,37982.25,0.408193,44439.77,0.634742,28578.55,0.567684,31954.40,0.639337,28373.14,1.485187,0.084460,0.082724,0.567684,2.220055,0.047450,75,1357800,1357475,11664880,12385,0,0,0,18250,0,0,0,0,0,0,0,0,0,0,0,0,0,0,0,0,0,0,0,6895733850630776363,6895733850630776363,6895733850630776363,1261247693495732309,1261247693495732309,1261247693495732309
133,100,17245,8,10,1.503132,11472.71,0.689036,25027.74,0.447857,38505.55,0.412453,41810.81,0.627570,27479.03,0.535973,32175.11,0.639158,26980.80,1.540018,0.073180,0.087925,0.535973,2.237096,0.045379,66,1324975,1324645,11193332,11631,0,0,0,19384,0,0,0,0,0,0,0,0,0,0,0,0,0,0,0,0,0,0,0,10903847095077237501,10903847095077237501,10903847095077237501,3473369043336204736,3473369043336204736,3473369043336204736
134,100,17917,8,10,1.329542,13476.07,0.634509,28237.59,0.458276,39096.54,0.425754,42082.94,0.586941,30526.05,0.504178,35537.04,0.588385,30451.17,1.378484,0.081213,0.091779,0.504178,2.055655,0.047515,69,1358252,1357742,11458580,12617,0,0,0,20759,0,0,0,0,0,0,0,0,0,0,0,0,0,0,0,0,0,0,0,16008222935787149280,16008222935787149280,16008222935787149280,10496364393103613647,10496364393103613647,10496364393103613647
135,100,17268,8,10,1.328837,12994.82,0.606282,28481.81,0.466989,36977.30,0.442420,39030.83,0.574464,30059.34,0.538499,32066.91,0.571644,30207.63,1.369650,0.083255,0.077654,0.538499,2.069058,0.047402,83,1357158,1356768,11326288,12196,0,0,0,21827,0,0,0,0,0,0,0,0,0,0,0,0,0,0,0,0,0,0,0,4713299951802380314,4713299951802380314,4713299951802380314,15970167815700632745,15970167815700632745,15970167815700632745
136,100,17126,8,10,1.512497,11323.00,0.703846,24332.01,0.467061,36667.60,0.416470,41121.83,0.630878,27146.31,0.561015,30526.84,0.662165,25863.65,1.558408,0.077838,0.080703,0.561015,2.277964,0.045185,72,1324576,1324266,11016824,11764,0,0,0,18625,0,0,0,0,0,0,0,0,0,0,0,0,0,0,0,0,0,0,0,9035287079029812973,9035287079029812973,9035287079029812973,6776616385146190489,6776616385146190489,6776616385146190489
137,100,18715,8,10,1.424443,13138.47,0.642444,29130.93,0.440412,42494.32,0.410875,45549.12,0.586634,31902.37,0.524536,35679.15,0.600491,31166.15,1.468271,0.092335,0.084036,0.524536,2.169178,0.047483,75,1392134,1391789,11689164,12271,0,0,0,19857,0,0,0,0,0,0,0,0,0,0,0,0,0,0,0,0,0,0,0,8914737328740240535,8914737328740240535,8914737328740240535,10403563163172317940,10403563163172317940,10403563163172317940
138,100,18981,8,10,1.219141,15569.16,0.546950,34703.35,0.458505,41397.58,0.436856,43449.10,0.519783,36517.17,0.509992,37218.22,0.513487,36964.92,1.250072,0.091738,0.088490,0.509992,1.940292,0.050076,85,1429511,1429216,11983220,13620,0,0,0,24427,0,0,0,0,0,0,0,0,0,0,0,0,0,0,0,0,0,0,0,4519967225888899645,4519967225888899645,4519967225888899645,15680981938329822541,15680981938329822541,15680981938329822541
139,100,18878,8,10,1.173845,16082.20,0.550885,34268.48,0.478117,39484.09,0.446590,42271.43,0.527073,35816.70,0.499822,37769.46,0.516277,36565.65,1.201817,0.093874,0.082600,0.499822,1.878114,0.048540,84,1411472,1411117,11872280,13762,0,0,0,24326,0,0,0,0,0,0,0,0,0,0,0,0,0,0,0,0,0,0,0,3387024241293713733,3387024241293713733,3387024241293713733,10792771182302624344,10792771182302624344,10792771182302624344
140,100,18248,8,10,1.261438,14466.04,0.609606,29934.08,0.478197,38160.04,0.444581,41045.38,0.576465,31655.00,0.522197,34944.64,0.569108,32064.20,1.302376,0.082325,0.091933,0.522197,1.998832,0.046847,79,1382318,1381853,11578432,12414,0,0,0,22145,0,0,0,0,0,0,0,0,0,0,0,0,0,0,0,0,0,0,0,1605247816173787224,1605247816173787224,1605247816173787224,3238383738079418635,3238383738079418635,3238383738079418635
141,100,19459,8,10,1.345743,14459.67,0.690852,28166.69,0.568118,34251.67,0.523753,37153.04,0.633322,30725.28,0.599640,32451.15,0.649206,29973.53,1.385527,0.090839,0.082460,0.599640,2.158466,0.048696,85,1446491,1446086,12119340,18113,0,0,0,29041,0,0,0,0,0,0,0,0,0,0,0,0,0,0,0,0,0,0,0,14814655669769849653,14814655669769849653,14814655669769849653,8027901729217552108,8027901729217552108,8027901729217552108
142,100,19378,8,10,1.402196,13819.75,0.701901,27607.87,0.548172,35350.22,0.505797,38311.80,0.634429,30543.99,0.604356,32063.91,0.652484,29698.83,1.443618,0.094892,0.082222,0.604356,2.225087,0.049982,88,1447009,1446214,12059592,17167,0,0,0,28134,0,0,0,0,0,0,0,0,0,0,0,0,0,0,0,0,0,0,0,13328935139466139057,13328935139466139057,13328935139466139057,5550683903346406274,5550683903346406274,5550683903346406274
143,100,17492,8,10,1.543768,11330.71,0.756350,23126.85,0.450170,38856.46,0.416580,41989.57,0.674074,25949.69,0.580850,30114.50,0.707428,24726.19,1.585489,0.085701,0.090194,0.580850,2.342233,0.045308,66,1352273,1351903,10982224,11564,0,0,0,18543,0,0,0,0,0,0,0,0,0,0,0,0,0,0,0,0,0,0,0,17977720885434884402,17977720885434884402,17977720885434884402,18217739295608450094,18217739295608450094,18217739295608450094
144,100,18026,8,10,1.164455,15480.20,0.565884,31854.56,0.518316,34778.04,0.490198,36772.91,0.542442,33231.21,0.515144,34992.19,0.538882,33450.75,1.197606,0.085053,0.084796,0.515144,1.882598,0.047951,85,1434983,1434733,11691336,16193,0,0,0,29709,0,0,0,0,0,0,0,0,0,0,0,0,0,0,0,0,0,0,0,382061472047624312,382061472047624312,382061472047624312,6315575333061017643,6315575333061017643,6315575333061017643
145,100,17950,8,10,1.415193,12683.78,0.693559,25880.99,0.501522,35791.03,0.455018,39448.97,0.630499,28469.53,0.556163,32274.68,0.665087,26988.96,1.455064,0.083918,0.083244,0.556163,2.178390,0.045233,78,1366002,1365702,11278552,13494,0,0,0,24117,0,0,0,0,0,0,0,0,0,0,0,0,0,0,0,0,0,0,0,2508268158234093617,2508268158234093617,2508268158234093617,10190213668197618154,10190213668197618154,10190213668197618154
146,100,17843,8,10,1.290694,13824.34,0.690918,25825.05,0.541154,32972.12,0.507094,35186.78,0.632847,28194.80,0.592263,30126.80,0.634826,28106.92,1.350267,0.069836,0.085581,0.592263,2.097947,0.046347,85,1369181,1368806,11421228,15964,0,0,0,25959,0,0,0,0,0,0,0,0,0,0,0,0,0,0,0,0,0,0,0,3535751635006300522,3535751635006300522,3535751635006300522,12652943316017949246,12652943316017949246,12652943316017949246
147,100,19045,8,10,1.278685,14894.21,0.603897,31536.84,0.536427,35503.45,0.491140,38777.10,0.567081,33584.28,0.542135,35129.61,0.562526,33856.19,1.320902,0.086336,0.086337,0.542135,2.035711,0.049116,83,1460143,1459763,12070324,16581,0,0,0,27528,0,0,0,0,0,0,0,0,0,0,0,0,0,0,0,0,0,0,0,12210731306117777000,12210731306117777000,12210731306117777000,13663920418063187619,13663920418063187619,13663920418063187619
148,100,18826,8,10,1.597055,11787.95,0.780095,24132.96,0.522667,36019.14,0.460650,40868.38,0.694593,27103.66,0.628763,29941.31,0.727729,25869.52,1.641945,0.104087,0.093918,0.628763,2.468714,0.048753,76,1416905,1416615,11757128,14478,0,0,0,18451,0,0,0,0,0,0,0,0,0,0,0,0,0,0,0,0,0,0,0,5664105791213322550,5664105791213322550,5664105791213322550,17401083377642491770,17401083377642491770,17401083377642491770
149,100,18376,8,10,1.390700,13213.49,0.672232,27335.79,0.552801,33241.62,0.497114,36965.36,0.617689,29749.60,0.593487,30962.76,0.630925,29125.50,1.440496,0.078286,0.083298,0.593487,2.195567,0.048344,86,1411764,1411384,11656256,15705,0,0,0,27314,0,0,0,0,0,0,0,0,0,0,0,0,0,0,0,0,0,0,0,7045178049532284787,7045178049532284787,7045178049532284787,5422385029362740130,5422385029362740130,5422385029362740130
